<?xml version="1.0" encoding="UTF-8" ?><_ROOT_  MainEffect="Y" TwoFactor="N" Polynomial="N" PolynomialDegree="2" Terms="N" Error="LOGISTIC"
 LinkFunction="LOGIT" SuppressIntercept="N" InputCoding="DEVIATION" MinResourceUse="N"
 ModelSelection="BACKWARD" SelectionCriterion="DEFAULT" SelectionDefault="Y" Sequential="N"
 SlEntry="0.05" SlStay="0.05" Start="0" Stop="0" Force="0" Hierarchy="CLASS" Rule="NONE"
 MaxStep="." StepOutput="N" OptimizationTechnique="DEFAULT" ModelDefaults="Y" MaxIterations="."
 MaxFunctionCalls="." MaxCPUTime="1 HOUR" ConvDefaults="Y" AbsConvValue="-1.34078E154"
 AbsFValue="0" AbsFTime="1" AbsGValue="0.00001" AbsGTime="1" AbsXValue="1E-8" AbsXTime="1"
 FConvValue="0" FConvTimes="1" GConvValue="1E-6" GConvTimes="1" ClParm="N" Covout="N"
 CovB="N" CorB="N" Simple="N" SuppressOutput="N" Details="N" PrintDesignMatrix="N"
 SASSPDS="N" Performance="N" ExcludedVariable="REJECT" ForceRun="N" RunAction="Train"
 Component="Regression" RawCreateTime="2028384968.3" CreateTime="10APR2024:16:16:08"
 Interactions="" RunId="a5aad52a-4410-4430-a8c2-eea6b11dbc37" RawLastTimeRun="2028385065.3"
 RawRunTime="12.292000055" LastTimeRun="10APR2024:16:17:45" RunTime="0 Hr. 0 Min. 12.29 Sec."
>
<VARIABLEPROPERTIES/>
<FILEPROPERTIES ><![CDATA[
EMNOTES
]]>
</FILEPROPERTIES><EMTARGETATTRIBUTES >
<PRICE_BI >
<DECDATA  Table="EMWS1.Reg2_PRICE_BI_DD">
<DATA >
<OBS  PRICE_BI="1" COUNT="51" DATAPRIOR="0.9107142857" TRAINPRIOR="0.9107142857" DECPRIOR="."
 DECISION1="1" DECISION2="0"/>
<OBS  PRICE_BI="0" COUNT="5" DATAPRIOR="0.0892857143" TRAINPRIOR="0.0892857143" DECPRIOR="."
 DECISION1="0" DECISION2="1"/>
</DATA>
<METADATA >
<VARIABLE  NAME="PRICE_BI" LABEL="" LENGTH="32" FORMAT="" TYPE="C"/>
<VARIABLE  NAME="COUNT" LABEL="Level Counts" LENGTH="8" FORMAT="" TYPE="N"/>
<VARIABLE  NAME="DATAPRIOR" LABEL="Data Proportions" LENGTH="8" FORMAT="" TYPE="N"/>
<VARIABLE  NAME="TRAINPRIOR" LABEL="Training Proportions" LENGTH="8" FORMAT="" TYPE="N"/>
<VARIABLE  NAME="DECPRIOR" LABEL="Decision Priors" LENGTH="8" FORMAT="" TYPE="N"/>
<VARIABLE  NAME="DECISION1" LABEL="1" LENGTH="8" FORMAT="" TYPE="N"/>
<VARIABLE  NAME="DECISION2" LABEL="0" LENGTH="8" FORMAT="" TYPE="N"/>
</METADATA>
</DECDATA>
<DECMETA  Table="EMWS1.Reg2_PRICE_BI_DM">
<DATA >
<OBS  _TYPE_="MATRIX" VARIABLE="" LABEL="" LEVEL="PROFIT" EVENT="" ORDER="" FORMAT="" TYPE=""
 COST="" USE="N"/>
<OBS  _TYPE_="TARGET" VARIABLE="PRICE_BI" LABEL="PRICE_BI" LEVEL="BINARY" EVENT="1" ORDER=""
 FORMAT="BEST." TYPE="N" COST="" USE=""/>
<OBS  _TYPE_="DECISION" VARIABLE="DECISION1" LABEL="1" LEVEL="" EVENT="" ORDER="" FORMAT=""
 TYPE="N" COST="" USE="Y"/>
<OBS  _TYPE_="DECISION" VARIABLE="DECISION2" LABEL="0" LEVEL="" EVENT="" ORDER="" FORMAT=""
 TYPE="N" COST="" USE="Y"/>
<OBS  _TYPE_="DATAPRIOR" VARIABLE="DATAPRIOR" LABEL="Data Prior" LEVEL="" EVENT="" ORDER=""
 FORMAT="" TYPE="N" COST="" USE="N"/>
<OBS  _TYPE_="TRAINPRIOR" VARIABLE="TRAINPRIOR" LABEL="Training Prior" LEVEL="" EVENT=""
 ORDER="" FORMAT="" TYPE="N" COST="" USE="N"/>
<OBS  _TYPE_="DECPRIOR" VARIABLE="DECPRIOR" LABEL="Decision Prior" LEVEL="" EVENT="" ORDER=""
 FORMAT="" TYPE="N" COST="" USE="N"/>
<OBS  _TYPE_="PREDICTED" VARIABLE="P_PRICE_BI1" LABEL="Predicted: PRICE_BI=1" LEVEL="1"
 EVENT="" ORDER="" FORMAT="" TYPE="N" COST="" USE=""/>
<OBS  _TYPE_="RESIDUAL" VARIABLE="R_PRICE_BI1" LABEL="Residual: PRICE_BI=1" LEVEL="1" EVENT=""
 ORDER="" FORMAT="" TYPE="N" COST="" USE=""/>
<OBS  _TYPE_="PREDICTED" VARIABLE="P_PRICE_BI0" LABEL="Predicted: PRICE_BI=0" LEVEL="0"
 EVENT="" ORDER="" FORMAT="" TYPE="N" COST="" USE=""/>
<OBS  _TYPE_="RESIDUAL" VARIABLE="R_PRICE_BI0" LABEL="Residual: PRICE_BI=0" LEVEL="0" EVENT=""
 ORDER="" FORMAT="" TYPE="N" COST="" USE=""/>
<OBS  _TYPE_="FROM" VARIABLE="F_PRICE_BI" LABEL="From: PRICE_BI" LEVEL="" EVENT="" ORDER=""
 FORMAT="" TYPE="C" COST="" USE=""/>
<OBS  _TYPE_="INTO" VARIABLE="I_PRICE_BI" LABEL="Into: PRICE_BI" LEVEL="" EVENT="" ORDER=""
 FORMAT="" TYPE="C" COST="" USE=""/>
</DATA>
<METADATA >
<VARIABLE  NAME="_TYPE_" LABEL="Type" LENGTH="32" FORMAT="" TYPE="C"/>
<VARIABLE  NAME="VARIABLE" LABEL="Variable" LENGTH="32" FORMAT="" TYPE="C"/>
<VARIABLE  NAME="LABEL" LABEL="Label" LENGTH="256" FORMAT="" TYPE="C"/>
<VARIABLE  NAME="LEVEL" LABEL="Measurement Level" LENGTH="32" FORMAT="" TYPE="C"/>
<VARIABLE  NAME="EVENT" LABEL="Target Event" LENGTH="32" FORMAT="" TYPE="C"/>
<VARIABLE  NAME="ORDER" LABEL="Order" LENGTH="10" FORMAT="" TYPE="C"/>
<VARIABLE  NAME="FORMAT" LABEL="Format" LENGTH="32" FORMAT="" TYPE="C"/>
<VARIABLE  NAME="TYPE" LABEL="Type" LENGTH="1" FORMAT="" TYPE="C"/>
<VARIABLE  NAME="COST" LABEL="Cost" LENGTH="32" FORMAT="" TYPE="C"/>
<VARIABLE  NAME="USE" LABEL="Use" LENGTH="1" FORMAT="" TYPE="C"/>
</METADATA>
</DECMETA>
</PRICE_BI>
</EMTARGETATTRIBUTES>
</_ROOT_>
